,filename,intro_onset,intro_offset,adj_onset,adj_offset,noun_onset,noun_offset,introDur,adjDur,nounDur
0,airplane_small.wav,3.119630483,465.2789038,466.7798062,1062.879912,1138.770674,1846.18099,462.1592733,596.1001059,707.4103158
1,alarmclock_big.wav,0,464.1935843,479.3236833,918.3584623,945.798136,1831.285023,464.1935843,439.034779,885.4868871
2,apple_red.wav,15.22164003,509.8987605,517.1834185,909.6815204,977.2569653,1415.843995,494.6771205,392.4981019,438.58703
3,asparagus.wav,9.795520045,602.1058835,NA,NA,604.5504319,1569.624804,592.3103634,NA,965.0743719
4,asparagus_big.wav,17.6428281,569.9792863,575.7662722,920.2137808,1045.881012,2022.659387,552.3364582,344.4475086,976.7783751
5,avocado.wav,6.663989938,586.1428622,NA,NA,613.6363853,1410.948556,579.4788723,NA,797.312171
6,avocado_small.wav,22.89777997,492.7861057,493.8219802,1065.340096,1291.896178,2059.773243,469.8883257,571.5181163,767.877065
7,axe.wav,20.13174107,431.921086,NA,NA,502.3385948,1044.988662,411.789345,NA,542.6500673
8,axe_small.wav,11.42901032,415.2516378,415.9656721,981.0369182,1107.945524,1680.027579,403.8226275,565.0712462,572.0820557
9,backpack_open.wav,10.70543892,477.5057803,534.2439433,936.5690994,1021.676344,1736.061397,466.8003414,402.3251561,714.3850528
10,backpack_small.wav,6.409003004,490.4923504,493.5362478,1059.295771,1228.298411,1856.793177,484.0833474,565.7595231,628.4947661
11,bagel.wav,0,622.1718849,NA,NA,679.5764662,1215.352558,622.1718849,NA,535.7760921
12,bagel_big.wav,14.42317907,520.9116804,614.7058474,935.9508691,1109.470078,1576.096058,506.4885014,321.2450217,466.6259804
13,ball_big.wav,0,470.1333045,591.0673232,900.3793325,1051.546856,1521.329005,470.1333045,309.3120093,469.7821495
14,ballerina_big.wav,0,483.5238863,618.1653531,927.0487182,1085.450444,1785.058066,483.5238863,308.8833651,699.6076217
15,balloon_blue.wav,17.81036402,505.9708022,570.7267787,986.659397,1014.056156,1659.125307,488.1604382,415.9326183,645.0691505
16,bananas.wav,6.414771975,609.0099402,NA,NA,643.6184465,1335.788572,602.5951682,NA,692.1701256
17,bananas_big.wav,13.83010121,475.6396801,572.2974989,875.6956525,999.2028654,1737.561204,461.8095789,303.3981536,738.3583383
18,banjo_small.wav,5.267326103,459.9535765,463.2968577,1014.938264,1184.053267,1926.663302,454.6862504,551.6414067,742.6100349
19,barrel.wav,15.76892464,458.4984195,NA,NA,519.0824556,978.8997555,442.7294948,NA,459.8172999
20,baseballglove.wav,16.60911818,483.4580242,NA,NA,562.4274909,1575.09477,466.848906,NA,1012.667279
21,basket.wav,23.20584622,469.6420642,NA,NA,529.6374453,1187.822067,446.436218,NA,658.1846218
22,bat_big.wav,10.33245353,535.5437136,617.685759,963.6780109,1182.723465,1660.640821,525.2112601,345.9922519,477.9173551
23,bathingsuit_red.wav,26.48141253,498.4804258,503.55461,940.4593678,1098.77902,1998.951947,471.9990133,436.9047578,900.1729275
24,bathtub.wav,17.04490642,490.1527693,NA,NA,529.2679863,1149.52357,473.1078629,NA,620.2555841
25,bathtub_big.wav,15.80930808,486.1567604,558.1224908,869.1172544,1069.593218,1699.293359,470.3474523,310.9947636,629.7001411
26,bed.wav,13.11144309,534.6467398,NA,NA,570.4664717,934.394948,521.5352967,NA,363.9284763
27,beermug.wav,21.10650014,509.4466474,NA,NA,590.8366719,1277.919902,488.3401472,NA,687.0832304
28,beetle_big.wav,9.674454918,506.1001138,NA,NA,1147.02526,1582.85436,496.4256588,NA,435.8290995
29,bell_small.wav,10.3719708,509.1839675,511.17365,1048.160034,1188.849991,1626.582968,498.8119967,536.9863842,437.7329767
30,bellpeppers_green.wav,19.22375411,494.2708137,603.6566498,1047.450613,1188.089546,2097.55464,475.0470596,443.7939636,909.4650944
31,bike_small.wav,8.183303301,558.9704953,560.744498,1235.259248,1504.444439,1903.565592,550.787192,674.5147496,399.1211536
32,bill.wav,20.06197917,483.6526042,NA,NA,581.4744792,924.5598958,463.590625,NA,343.0854167
33,bird_small.wav,17.27494059,457.9460499,459.2280069,995.0926326,1166.456699,1561.281377,440.6711093,535.8646256,394.8246788
34,blackberry.wav,6.769706083,584.6991277,NA,NA,610.4803658,1459.112788,577.9294216,NA,848.632422
35,blackberry_small.wav,25.01985529,486.4844839,491.0441346,1116.78018,1240.164752,1995.160826,461.4646286,625.7360454,754.9960735
36,blackboard.wav,0,457.4806594,NA,NA,492.9235339,1201.781022,457.4806594,NA,708.8574885
37,blackboard_big.wav,11.92201934,505.9213736,606.4444981,976.9440138,1195.222798,1944.838097,493.9993543,370.4995157,749.6152992
38,blueberries.wav,0,686.068993,NA,NA,706.9185633,1581.405896,686.068993,NA,874.4873324
39,blueberries_small.wav,18.84023934,484.4100887,493.5989673,1115.379753,1240.961094,2006.700978,465.5698493,621.7807856,765.7398838
40,boat_small.wav,15.43294463,497.1642504,512.2183537,1111.873469,1239.833347,1696.47448,481.7313058,599.655115,456.6411336
41,bone.wav,19.9334117,495.8740338,NA,NA,559.5348814,1008.192283,475.9406221,NA,448.6574018
42,book_open.wav,19.63023142,497.9982211,581.6589906,965.6404711,1021.414317,1441.863313,478.3679897,383.9814805,420.4489954
43,boots.wav,9.510376175,517.2482042,NA,NA,646.4905604,1242.851718,507.737828,NA,596.361158
44,boots_small.wav,16.38263915,498.4606073,501.1240215,1084.411729,1225.572681,1779.562832,482.0779682,583.2877074,553.9901513
45,bottle_glass.wav,8.704417144,419.7063641,467.9361845,883.1320289,969.1069259,1413.660052,411.001947,415.1958444,444.5531263
46,bottle_small.wav,12.76120625,473.5626207,485.9497555,1070.622518,1204.403574,1660.250134,460.8014145,584.6727625,455.8465606
47,bow_blue.wav,0,509.0412005,582.1021927,1034.518337,1343.622535,1860.669557,509.0412005,452.4161442,517.047022
48,bowlingball.wav,8.943789649,618.6998482,NA,NA,668.2559943,1465.463562,609.7560585,NA,797.2075677
49,bowlingball_small.wav,0,436.7481239,439.5631115,1047.600441,1185.534835,1914.616632,436.7481239,608.0373292,729.0817976
50,bowlingpin.wav,0,571.325591,NA,NA,628.4273576,1338.120742,571.325591,NA,709.6933846
51,bowlingpin_big.wav,42.50672673,583.1904368,727.3727595,1090.832365,1286.07926,2028.017462,540.6837101,363.4596051,741.9382022
52,bowtie.wav,0,739.3919883,NA,NA,810.4124691,1498.423377,739.3919883,NA,688.0109077
53,bowtie_big.wav,9.952160118,470.2794218,549.3981699,853.8854731,976.159902,1628.290189,460.3272617,304.4873033,652.1302873
54,box_open.wav,9.587861639,469.2332919,526.9776927,963.5253627,984.3133469,1564.067131,459.6454303,436.54767,579.7537839
55,bracelet_gold.wav,8.227646867,473.0086366,535.6757364,958.6786597,1091.846247,1770.739827,464.7809898,423.0029233,678.8935806
56,brain.wav,14.76751019,463.3929563,NA,NA,558.6048316,1058.870617,448.6254461,NA,500.2657852
57,briefcase_big.wav,0,486.4311617,631.3182361,990.5174415,1204.829572,2046.985693,486.4311617,359.1992054,842.1561202
58,brush_big.wav,0,533.2974086,652.876069,1032.408339,1232.572618,1768.077054,533.2974086,379.53227,535.5044358
59,bucket.wav,9.230507685,456.4252572,NA,NA,543.4631615,1010.166407,447.1947496,NA,466.7032454
60,buffalo.wav,2.154079729,513.0731895,NA,NA,614.1341124,1224.242646,510.9191098,NA,610.1085341
61,buffalo_big.wav,18.28687167,519.5078055,685.7290335,1013.05699,1207.407965,1716.300647,501.2209338,327.3279568,508.8926828
62,bunny_big.wav,0,497.0159846,627.8409097,962.171274,1216.553073,1616.2959,497.0159846,334.3303643,399.7428269
63,burrito.wav,0,807.1405154,NA,NA,833.4495201,1473.635302,807.1405154,NA,640.1857816
64,burrito_small.wav,15.30544691,435.8263259,435.8263259,975.7850878,1013.109426,1617.763708,420.520879,539.9587618,604.6542817
65,butterfly_small.wav,0,480.5999163,486.5277236,1126.730911,1301.601227,2007.010295,480.5999163,640.2031878,705.409068
66,button.wav,9.706646016,471.2173963,NA,NA,551.3030854,905.5804554,461.5107503,NA,354.2773701
67,button_big.wav,11.34787626,434.3328619,531.266921,868.3330814,1095.246902,1476.373998,422.9849856,337.0661604,381.1270964
68,cabbage_green.wav,10.40525807,459.1031193,531.7971862,993.0285072,1043.162346,1689.888873,448.6978612,461.231321,646.7265262
69,cactus.wav,2.294129322,462.7177562,NA,NA,564.3697258,1335.728789,460.4236269,NA,771.3590632
70,cactus_small.wav,11.94835583,460.9840435,469.6193452,1074.090463,1218.012158,1923.228462,449.0356876,604.471118,705.2163043
71,cake.wav,28.59028732,478.6737351,NA,NA,568.6904247,1048.779436,450.0834478,NA,480.089011
72,camel_small.wav,0,480.2217521,480.2217521,1015.818401,1122.453028,1624.120477,480.2217521,535.5966488,501.6674493
73,camera_big.wav,0,531.572619,635.2812771,1004.585279,1158.883527,1712.83953,531.572619,369.3040022,553.9560032
74,candy_heart.wav,0,468.7959183,540.8625648,1021.306875,1028.51354,1639.84127,468.7959183,480.44431,611.3277303
75,candy_wrapped.wav,7.816819271,521.3318112,575.9082838,1000.116321,1086.942527,1647.591745,513.5149919,424.2080368,560.6492182
76,cane.wav,8.46783143,470.4100495,NA,NA,531.2351814,1054.002531,461.9422181,NA,522.76735
77,car_convertible.wav,13.94645283,447.1508703,495.8863673,1186.305908,1253.994098,1792.792092,433.2044175,690.4195403,538.7979942
78,castle.wav,37.08262937,457.2778065,NA,NA,515.8707595,1061.622264,420.1951772,NA,545.751505
79,castle_small.wav,0,435.25179,443.1582237,1073.037443,1223.259683,1758.261698,435.25179,629.879219,535.0020145
80,cat_small.wav,10.0354441,469.3797206,469.3797206,1039.933664,1255.100193,1644.334028,459.3442765,570.5539434,389.2338343
81,caterpillar.wav,0,453.7926065,NA,NA,535.1900387,1306.52761,453.7926065,NA,771.3375712
82,chair.wav,5.301717033,489.8775412,NA,NA,572.3227335,1082.136882,484.5758242,NA,509.8141484
83,chair_big.wav,6.376118756,492.516242,670.3723847,1058.691629,1343.261458,1956.86515,486.1401233,388.3192448,613.6036922
84,champagne.wav,23.99960053,423.6586186,NA,NA,425.4835456,1243.050852,399.659018,NA,817.5673063
85,champaign_big.wav,0,535.7718929,619.2748108,901.7111506,901.7111506,1676.530612,535.7718929,282.4363398,774.8194617
86,checkerboard_small.wav,0,489.2486495,489.2486495,1127.071241,1207.544184,2034.580499,489.2486495,637.8225911,827.0363146
87,cherry.wav,7.524790539,516.9129521,NA,NA,585.7981839,1167.697116,509.3881615,NA,581.8989319
88,cherry_small.wav,0,475.8192328,475.8192328,1062.171096,1170.461304,1754.171943,475.8192328,586.3518627,583.7106381
89,chocolatebar.wav,2.958552423,928.3159384,NA,NA,961.7316218,1745.714963,925.357386,NA,783.9833409
90,chocolatebar_nuts.wav,0,545.8137434,1175.76375,1990.861678,545.8137434,1175.76375,545.8137434,815.0979282,629.9500064
91,chocolatebar_small.wav,0,409.9595226,409.9595226,950.5619152,996.9772721,1826.993067,409.9595226,540.6023926,830.0157947
92,chocolatecandy_round.wav,0,492.1817307,492.1817307,1061.007079,1083.502997,2176.161858,492.1817307,568.8253484,1092.658861
93,cinnamonroll.wav,0,682.3438406,NA,NA,682.3438406,1496.314219,682.3438406,NA,813.9703788
94,cinnamonroll_big.wav,0,469.8829437,576.9546854,884.4427643,961.314784,1839.852152,469.8829437,307.4880788,878.5373681
95,coffin_open.wav,0,478.0078043,562.868007,955.649517,996.8673297,1634.531139,478.0078043,392.7815099,637.6638093
96,coins_fivecent.wav,0,443.5733014,594.3533375,1231.322062,1295.942077,2012.916534,443.5733014,636.968724,716.9744575
97,comb.wav,5.302135711,488.2335391,NA,NA,577.4159934,1105.779968,482.9314034,NA,528.3639745
98,comb_big.wav,13.94713725,512.1566657,682.739276,1072.642385,1254.055638,1803.710715,498.2095285,389.9031093,549.6550776
99,cone.wav,13.87047384,459.4964067,NA,NA,518.6100508,1027.896831,445.6259328,NA,509.2867804
100,cookie_small.wav,0,463.3746496,463.3746496,1047.388999,1149.766017,1582.541591,463.3746496,584.0143497,432.7755739
101,cooler_pink.wav,10.87214477,479.7031983,584.4699142,1037.58596,1207.831874,1770.952971,468.8310535,453.1160461,563.1210978
102,cork.wav,21.82242438,448.1600299,NA,NA,504.3328901,955.1561014,426.3376055,NA,450.8232113
103,corn_big.wav,0,479.1538704,576.3694848,906.9025739,1086.751461,1621.43734,479.1538704,330.5330891,534.6858794
104,couch.wav,12.28028061,419.0621545,NA,NA,474.8063372,993.0765764,406.7818738,NA,518.2702393
105,couch_small.wav,0,407.7696961,407.7696961,917.5179457,1044.060139,1527.346742,407.7696961,509.7482496,483.2866028
106,cow_spotted.wav,0,545.478952,545.478952,1180.413834,1271.424319,1795.652606,545.478952,634.9348816,524.2282868
107,cracker_round.wav,0,544.8023657,544.8023657,1109.35533,1218.389155,1806.108069,544.8023657,564.5529638,587.7189137
108,crib.wav,23.38454022,457.7456063,NA,NA,514.2125448,971.7395344,434.361066,NA,457.5269896
109,crib_small.wav,0,550.670006,550.670006,1137.371842,1217.055512,1821.337868,550.670006,586.7018361,604.2823567
110,cucumber.wav,0,442.5053553,NA,NA,496.8462462,1216.394596,442.5053553,NA,719.5483493
111,cucumber_big.wav,13.40712885,531.3692385,593.8370307,903.5731666,1015.494627,1767.710958,517.9621097,309.7361359,752.2163301
112,cup_coffee.wav,5.746666869,406.9748338,463.5115301,819.1455872,862.9159326,1236.787634,401.228167,355.6340571,373.871701
113,dart.wav,15.53929484,496.2153332,NA,NA,569.6944728,984.5454486,480.6760384,NA,414.8509758
114,deer.wav,14.62950459,524.6083143,NA,NA,567.7726649,1007.40957,509.9788097,NA,439.6369049
115,desk.wav,7.450055575,459.7308699,NA,NA,529.7267102,1075.335312,452.2808143,NA,545.6086014
116,dinosaur.wav,13.75102247,527.1795149,NA,NA,563.7156248,1286.746011,513.4284924,NA,723.0303863
117,discoball.wav,2.400380432,552.9693499,NA,NA,598.8500974,1378.822804,550.5689695,NA,779.9727068
118,discoball_small.wav,0,453.9221655,453.9221655,1127.89029,1398.098709,2120.15873,453.9221655,673.9681245,722.0600215
119,dog_big.wav,0,447.6273763,556.1952207,851.4997575,1003.49474,1433.423403,447.6273763,295.3045368,429.9286638
120,doll.wav,14.62950459,537.3977515,NA,NA,551.7858684,1034.587124,522.7682469,NA,482.8012555
121,dollarbills_one.wav,0,582.5343976,582.5343976,847.8753587,853.2904804,1790.106527,582.5343976,265.3409611,936.8160462
122,dolphin.wav,0,473.4505653,NA,NA,534.2003922,1060.165998,473.4505653,NA,525.9656062
123,domino_small.wav,0,447.9404488,447.9404488,1011.489071,1122.60862,1737.120181,447.9404488,563.548622,614.5115618
124,donut_glazed.wav,0,484.0138348,541.7159824,1143.46695,1286.348458,1875.69161,484.0138348,601.7509675,589.3431518
125,door_big.wav,0,455.1744798,561.7721684,921.835472,1085.285261,1580.372304,455.1744798,360.0633036,495.0870424
126,doorknocker_lion.wav,0,456.3290077,456.3290077,1043.559039,1078.546607,1908.594104,456.3290077,587.2300313,830.0474973
127,dress_big.wav,0,602.2085112,730.3670326,1131.558926,1304.294324,1889.365834,602.2085112,401.191893,585.0715106
128,drum_small.wav,0,469.7520602,469.7520602,1032.564331,1114.300553,1594.172336,469.7520602,562.8122706,479.8717829
129,duck_rubber.wav,0,503.6575457,503.6575457,898.8445855,975.8020616,1419.834896,503.6575457,395.1870398,444.0328344
130,eagle_small.wav,0,512.5170081,512.5170081,1189.526919,1328.037733,1888.549184,512.5170081,677.0099106,560.511452
131,eggs.wav,22.80918749,472.020897,NA,NA,539.6628146,1087.735788,449.2117095,NA,548.0729737
132,eggs_small.wav,24.4885187,443.6104116,447.3485919,984.5656038,1122.587497,1688.701996,419.1218929,537.2170119,566.114499
133,elephant.wav,5.738397983,497.4462461,NA,NA,579.3975541,1134.845308,491.7078481,NA,555.4477544
134,elephant_big.wav,16.60044775,518.5818066,621.1371379,931.5019565,1131.21497,1830.210518,501.9813588,310.3648186,698.995548
135,eraser_pink.wav,12.28262465,420.0349273,513.0310665,827.78723,916.0143364,1581.294409,407.7523027,314.7561635,665.2800728
136,fan_small.wav,0,471.8614221,471.8614221,1111.482897,1202.463538,1861.383937,471.8614221,639.6214752,658.9203991
137,feather_small.wav,0,499.6542271,499.6542271,1127.055355,1193.800156,1815.861699,499.6542271,627.4011277,622.0615436
138,firealarm.wav,6.05920985,421.4170914,NA,NA,444.4925292,1304.05259,415.3578815,NA,859.5600603
139,firehydrant.wav,0,512.2173363,NA,NA,565.9747874,1514.910664,512.2173363,NA,948.9358763
140,firehydrant_big.wav,0,522.8976148,666.2436428,1007.088642,1121.765465,2141.114997,522.8976148,340.8449997,1019.349532
141,fish_small.wav,0,480.8392613,480.8392613,1041.793752,1228.778583,1766.35997,480.8392613,560.9544911,537.5813873
142,flag.wav,18.9674225,449.7971561,NA,NA,504.4313614,1032.041687,430.8297336,NA,527.6103259
143,flashlight.wav,0.304785397,504.9433799,NA,NA,523.1103693,1370.903208,504.6385945,NA,847.7928387
144,flashlight_small.wav,0,492.4101363,492.4101363,1140.860441,1310.160274,2169.436786,492.4101363,648.4503046,859.276512
145,flower_small.wav,0,480.7196818,480.7196818,1062.853332,1167.271923,1770.289292,480.7196818,582.1336498,603.0173682
146,flute_big.wav,0,527.4979848,613.471985,979.9927227,998.0925122,1541.086198,527.4979848,366.5207377,542.9936854
147,football_small.wav,0,518.3386351,518.3386351,1210.882795,1385.551012,2078.095172,518.3386351,692.5441596,692.5441596
148,fork.wav,0,559.6256318,NA,NA,559.6256318,1220.023266,559.6256318,NA,660.3976339
149,fork_plastic.wav,0,444.3253308,524.3835153,1092.068824,1092.068824,1656.077098,444.3253308,567.6853088,564.0082734
150,fork_small.wav,0,497.4929467,497.4929467,1164.978989,1221.786312,1920.516382,497.4929467,667.4860427,698.7300703
151,fountain.wav,13.03082494,439.8782926,NA,NA,505.4241584,1060.165998,426.8474677,NA,554.74184
152,frenchfries.wav,13.91543576,486.7377241,NA,NA,509.3608001,1504.776144,472.8222883,NA,995.4153438
153,fridge.wav,15.87155491,466.8176725,NA,NA,546.6004472,1144.971257,450.9461176,NA,598.3708099
154,garbagebin.wav,0,529.9701406,NA,NA,619.284769,1408.576835,529.9701406,NA,789.2920655
155,garbagebin_big.wav,18.94076639,523.9464191,702.5459791,1099.776035,1235.265357,2082.073616,505.0056527,397.2300561,846.808259
156,garlic.wav,8.845289777,536.0260746,NA,NA,584.1077096,1161.087331,527.1807848,NA,576.9796211
157,garlic_small.wav,0,454.4320912,454.4320912,1036.386585,1151.43393,1746.355223,454.4320912,581.9544939,594.9212933
158,giraffe.wav,4.079738547,518.0794134,NA,NA,540.8395466,1288.130587,513.9996748,NA,747.2910402
159,giraffe_small.wav,0,519.576995,519.576995,1120.837216,1270.349139,2054.666308,519.576995,601.2602208,784.3171692
160,glass.wav,0,478.5586814,NA,NA,532.6723617,1183.782128,478.5586814,NA,651.1097659
161,glass_big.wav,0,507.2773893,626.2030515,1008.464109,1164.200095,1914.564392,507.2773893,382.2610571,750.3642973
162,glasses_reading.wav,0,546.7446299,546.7446299,989.934273,989.934273,1771.473923,546.7446299,443.1896431,781.5396499
163,glove.wav,0,679.4687367,NA,NA,715.5306606,1354.62809,679.4687367,NA,639.0974291
164,glove_small.wav,0,527.1927206,527.1927206,1171.644948,1289.327528,1912.721088,527.1927206,644.4522269,623.3935603
165,graduationhat.wav,10.29853324,454.3941822,NA,NA,511.4567516,1693.605442,444.0956489,NA,1182.148691
166,graduationhat_small.wav,0,395.6813072,395.6813072,965.7946479,1098.605142,2209.6783,395.6813072,570.1133407,1111.073158
167,grapes_big.wav,8.515069179,497.6396248,584.1146843,986.7641804,1132.690843,1819.086629,489.1245556,402.649496,686.3957852
168,greenbean.wav,8.047245852,578.0050601,NA,NA,640.0412848,1312.746596,569.9578143,NA,672.7053114
169,greenbean_big.wav,16.65459341,468.8283463,563.5953005,902.0487084,1069.921599,1830.76486,452.1737529,338.4534079,760.8432609
170,grill.wav,18.9674225,516.9191798,NA,NA,551.2606803,1058.578301,497.9517573,NA,507.3176211
171,guitar_electric.wav,0,487.9670082,487.9670082,997.403718,1191.196025,1820.839002,487.9670082,509.4367098,629.6429777
172,guitar_small.wav,0,480.8453646,480.8453646,1033.627313,1051.708966,1763.310658,480.8453646,552.7819485,711.601692
173,gumballmachine.wav,10.84911758,651.1861404,NA,NA,716.5266529,1784.14966,640.3370228,NA,1067.623007
174,gumballmachine_big.wav,0,486.1938413,590.5056043,994.7136859,1138.14236,2225.21542,486.1938413,404.2080816,1087.073059
175,gun.wav,20.9156204,482.0616378,NA,NA,555.9632431,972.7682973,461.1460174,NA,416.8050542
176,hammer_small.wav,0,535.9859474,535.9859474,1234.180079,1279.043959,1914.104308,535.9859474,698.1941321,635.060349
177,hammock_big.wav,16.53077351,521.7802458,634.6551279,989.4047575,1126.467114,1822.528887,505.2494723,354.7496295,696.061773
178,hanger_wood.wav,0,517.5588155,517.5588155,915.9646204,1057.015123,1680.606817,517.5588155,398.4058049,623.5916947
179,harp_small.wav,0,466.825651,466.825651,1096.908795,1197.038287,1667.120181,466.825651,630.0831439,470.0818946
180,hat_big.wav,0,487.6573548,600.4621471,932.1082364,1049.42522,1534.485827,487.6573548,331.6460893,485.0606067
181,hawk.wav,0,480.4764811,NA,NA,480.4764811,1011.129648,480.4764811,NA,530.6531673
182,hawk_big.wav,0,553.9680663,649.15546,1019.885309,1105.052977,1709.954649,553.9680663,370.7298489,604.9016717
183,helmet.wav,0,436.7754749,NA,NA,436.7754749,1096.456299,436.7754749,NA,659.6808241
184,highlighter_yellow.wav,0,420.2912369,420.2912369,873.0724795,873.0724795,1601.473923,420.2912369,452.7812426,728.4014434
185,hippo.wav,0,489.4294493,NA,NA,489.4294493,1050.136054,489.4294493,NA,560.7066051
186,hippo_big.wav,0,447.571594,542.2201263,878.2224158,965.7723081,1615.260771,447.571594,336.0022895,649.4884628
187,horse.wav,0,506.7091395,NA,NA,506.7091395,1175.918367,506.7091395,NA,669.2092278
188,horse_small.wav,0,535.5427575,535.5427575,1155.596941,1209.391596,1932.743764,535.5427575,620.0541837,723.3521678
189,hotdog.wav,0,542.1142651,NA,NA,542.1142651,1378.446926,542.1142651,NA,836.3326607
190,hotdog_small.wav,0,505.4706025,505.4706025,1182.91721,1284.534201,2102.040816,505.4706025,677.4466072,817.5066155
191,house_big.wav,0,468.734791,587.0344944,934.6907657,982.9763589,1644.488986,468.734791,347.6562712,661.5126272
192,icecream_small.wav,0,459.8364766,459.8364766,1109.738505,1235.797088,1912.267574,459.8364766,649.9020281,676.470486
193,icecream_strawberry.wav,0,488.3835028,488.3835028,1232.564608,1275.088076,1968.418934,488.3835028,744.1811049,693.3308576
194,igloo_small.wav,0,529.4042835,529.4042835,1087.31447,1291.109005,1854.897959,529.4042835,557.9101868,563.7889541
195,jeep_big.wav,0,456.9622588,523.3487377,823.0937486,975.9838213,1373.265306,456.9622588,299.7450109,397.2814848
196,kangaroo.wav,0,470.3360909,NA,NA,510.0016295,1353.854875,470.3360909,NA,843.8532458
197,kangaroo_small.wav,0,414.247415,414.247415,924.4075614,997.2875823,1776.802721,414.247415,510.1601464,779.5151388
198,kayak_big.wav,0,586.014731,713.5661614,1148.400583,1296.244286,1978.888889,586.014731,434.8344216,682.6446025
199,kazoo.wav,0,443.0908376,NA,NA,443.0908376,1127.981859,443.0908376,NA,684.8910218
200,kazoo_small.wav,0,584.3625622,584.3625622,1097.031061,1165.569631,1871.473923,584.3625622,512.6684992,705.904292
201,kettle_electric.wav,0,494.4074211,494.4074211,1172.150598,1244.145295,1694.693878,494.4074211,677.743177,450.548583
202,key_small.wav,0,532.3593364,532.3593364,1244.493276,1439.240109,1984.195011,532.3593364,712.1339397,544.9549027
203,keyboard.wav,0,444.6597142,NA,NA,498.8969652,1194.331066,444.6597142,NA,695.4341006
204,keyboard_big.wav,0,482.1326106,573.1257746,896.9543878,1097.674603,1826.9161,482.1326106,323.8286132,729.2414972
205,kiwi.wav,29.38447779,502.2501819,NA,NA,567.3548803,1169.546485,472.8657042,NA,602.1916049
206,kiwi_big.wav,0,442.34198,543.7793949,860.1675224,1043.72094,1648.684807,442.34198,316.3881275,604.9638674
207,laptop.wav,0,463.7448794,NA,NA,463.7448794,1260.904613,463.7448794,NA,797.1597339
208,leaf.wav,0,557.6482835,NA,NA,557.6482835,945.5929031,557.6482835,NA,387.9446195
209,leaf_small.wav,0,496.9065901,496.9065901,1139.249079,1282.30352,1914.78458,496.9065901,642.3424893,632.4810602
210,lemon_whole.wav,0,481.039049,481.039049,1000.274471,1158.727623,1677.07483,481.039049,519.2354217,518.3472068
211,lifevest_big.wav,0,477.4682651,600.5659673,985.2462868,1083.724449,2100.770975,477.4682651,384.6803195,1017.046527
212,lightbulb_green.wav,0,502.0990196,560.8081357,1009.132295,1083.852988,1821.678005,502.0990196,448.3241594,737.8250161
213,lighthouse.wav,0,456.1238005,NA,NA,456.1238005,1308.846905,456.1238005,NA,852.7231046
214,lighthouse_small.wav,0,466.3177287,466.3177287,1123.309395,1290.543637,2038.571429,466.3177287,656.991666,748.0277916
215,lime.wav,0,437.3093377,NA,NA,437.3093377,1065.578231,437.3093377,NA,628.2688936
216,lion.wav,0,454.8780765,NA,NA,454.8780765,1065.578231,454.8780765,NA,610.7001548
217,lion_small.wav,0,411.471867,411.471867,984.9659965,1101.69489,1732.244898,411.471867,573.4941294,630.5500079
218,lipstick.wav,0,529.570489,NA,NA,529.570489,1383.537415,529.570489,NA,853.966926
219,lipstick_big.wav,0,546.0801837,633.150708,1001.749261,1164.280906,1981.247166,546.0801837,368.5985528,816.9662593
220,lizard.wav,0,468.6104132,NA,NA,468.6104132,1086.1678,468.6104132,NA,617.5573873
221,loafofbread_round.wav,0,497.7359502,497.7359502,1099.384931,1123.565906,2089.591837,497.7359502,601.6489805,966.0259308
222,lobster_small.wav,0,504.4357407,504.4357407,1085.156897,1224.858685,1863.104107,504.4357407,580.7211567,638.2454222
223,lock_big.wav,0,460.7537596,575.2412729,906.5242902,1047.806753,1661.654697,460.7537596,331.2830172,613.8479437
224,lock_open.wav,0,447.815798,533.6585873,1046.114027,1189.185342,1775.736961,447.815798,512.4554394,586.5516192
225,lollipops.wav,0,736.9424896,NA,NA,736.9424896,1666.190476,736.9424896,NA,929.2479866
226,lollipops_big.wav,0,473.9553454,565.7899197,898.6902519,976.175674,1959.047619,473.9553454,332.9003321,982.871945
227,mailbox_barn.wav,0,473.9490165,580.8384243,966.4948961,966.4948961,1903.129252,473.9490165,385.6564718,936.6343556
228,mask_small.wav,0,474.3415389,474.3415389,1133.819368,1205.191428,1948.843537,474.3415389,659.4778293,743.6521098
229,microphone.wav,0,436.3597144,NA,NA,436.3597144,1256.054422,436.3597144,NA,819.6947074
230,microscope.wav,0,420.1313952,NA,NA,420.1313952,1322.947846,420.1313952,NA,902.8164506
231,microwave.wav,0,470.8477047,NA,NA,470.8477047,1353.854875,470.8477047,NA,883.0071706
232,mirror_hand.wav,0,516.7864067,516.7864067,1060.81214,1110.043433,1727.596372,516.7864067,544.0257332,617.5529388
233,mixer_green.wav,0,484.8756334,585.5789652,1072.765354,1203.407514,1857.936508,484.8756334,487.1863886,654.5289941
234,monkey_small.wav,0,485.1786013,485.1786013,1167.136238,1268.471308,1869.591837,485.1786013,681.9576363,601.1205287
235,motorcycle.wav,0,519.7883659,NA,NA,519.7883659,1363.922902,519.7883659,NA,844.1345366
236,motorcycle_small.wav,0,539.1995441,539.1995441,1054.789162,1121.410293,1977.301587,539.1995441,515.5896182,855.8912946
237,muffin.wav,0,499.08769,NA,NA,499.08769,1158.231293,499.08769,NA,659.1436025
238,mug.wav,0,437.821162,NA,NA,437.821162,957.4603175,437.821162,NA,519.6391554
239,mushroom_big.wav,0,512.3507541,606.127083,930.5424911,1026.853315,1730.136054,512.3507541,324.415408,703.2827391
240,musicsheet.wav,0,420.7363741,NA,NA,420.7363741,1264.399093,420.7363741,NA,843.6627189
241,musicsheet_big.wav,0,475.6386567,566.1551433,871.6482857,1035.709418,1930.929705,475.6386567,305.4931424,895.2202875
242,necklace_small.wav,0,478.0502363,478.0502363,1146.689573,1182.509537,2037.664399,478.0502363,668.6393363,855.154862
243,nest.wav,0,458.7917146,NA,NA,458.7917146,1106.75737,458.7917146,NA,647.965655
244,nut_small.wav,0,464.4328266,464.4328266,1068.641456,1108.046367,1494.399093,464.4328266,604.2086298,386.3527259
245,nutcracker.wav,0,431.8846636,NA,NA,431.8846636,1275.442177,431.8846636,NA,843.5575133
246,nutcracker_small.wav,0,430.8343577,430.8343577,1001.430922,1076.050747,1941.247166,430.8343577,570.596564,865.1964188
247,onion_small.wav,0,689.3104504,689.3104504,1347.816788,1493.477176,2067.014954,689.3104504,658.5063375,573.5377778
248,orange_big.wav,0,533.9473953,706.9783004,1128.02017,1295.283378,1968.61678,533.9473953,421.0418691,673.3334022
249,origami.wav,0,532.2748295,NA,NA,578.9743327,1386.031746,532.2748295,NA,807.0574134
250,origami_big.wav,0,523.7996968,626.9347476,954.3885339,995.6425543,1760.090703,523.7996968,327.4537863,764.4481487
251,ovenmit.wav,0,836.4715357,NA,NA,836.4715357,1452.380952,836.4715357,NA,615.9094167
252,ovenmit_big.wav,0,476.2333511,552.6669937,929.9040039,991.5440382,1683.106576,476.2333511,377.2370102,691.5625377
253,owl.wav,0,552.4484742,NA,NA,643.3794211,1128.594104,552.4484742,NA,485.2146832
254,owl_small.wav,0,472.2495369,472.2495369,1086.70208,1192.999778,1769.818594,472.2495369,614.4525433,576.8188165
255,package.wav,0,623.708721,NA,NA,706.0054956,1404.46712,623.708721,NA,698.4616246
256,package_small.wav,0,452.7713647,452.7713647,1045.989076,1135.378046,1849.092971,452.7713647,593.2177114,713.7149242
257,paintbrush.wav,0,576.282048,NA,NA,634.7436572,1478.072562,576.282048,NA,843.3289051
258,paintbrush_big.wav,0,607.4056003,607.4056003,935.5097939,1085.890883,1866.462585,607.4056003,328.1041935,780.5717025
259,panda.wav,0,446.6752015,NA,NA,505.9923387,1065.578231,446.6752015,NA,559.5858926
260,pants.wav,0,590.1137742,NA,NA,671.8108321,1360.226757,590.1137742,NA,688.4159252
261,pants_big.wav,0,488.975059,603.7761164,932.1605365,1092.348058,1822.494331,488.975059,328.38442,730.1462726
262,paperbag_big.wav,0,488.7688069,646.5792865,994.9533641,1155.7414,2032.585034,488.7688069,348.3740776,876.8436341
263,paperclip.wav,0,608.4203238,NA,NA,664.8424181,1426.507937,608.4203238,NA,761.6655184
264,paperclip_big.wav,0,522.4831808,641.5408843,1059.769227,1270.40978,2083.922902,522.4831808,418.2283431,813.5131227
265,parrot.wav,12.97473783,651.6424597,NA,NA,727.847131,1238.571429,638.6677218,NA,510.7242976
266,parrot_small.wav,0,504.125006,504.125006,1041.791199,1128.980311,1653.287982,504.125006,537.6661927,524.3076709
267,partyhat.wav,0,532.8010722,NA,NA,575.0943489,1312.312925,532.8010722,NA,737.2185763
268,partyhat_big.wav,0,597.754183,597.754183,907.2870916,1048.477541,1853.492063,597.754183,309.5329086,805.0145224
269,pasta_tricolor.wav,0,463.3153935,513.2084691,1178.449478,1256.060929,1892.154195,463.3153935,665.2410085,636.0932665
270,peanut.wav,0,417.4273783,NA,NA,498.9464877,1091.133787,417.4273783,NA,592.1872992
271,peanut_small.wav,0,490.062092,490.062092,1006.95568,1125.668083,1688.276644,490.062092,516.8935883,562.6085606
272,pear_big.wav,0,474.8006038,589.3224645,909.5162381,1054.42145,1595.442177,474.8006038,320.1937737,541.0207273
273,pen_fountain.wav,0,438.909986,438.909986,1015.888079,1024.404361,1453.378685,438.909986,576.9780931,428.9743239
274,pencil_small.wav,0,496.3652078,496.3652078,1143.611728,1350.954769,1912.698413,496.3652078,647.2465198,561.7436441
275,penguin.wav,0,773.4255261,NA,NA,816.6048249,1403.605442,773.4255261,NA,587.0006173
276,penguin_small.wav,0,467.6435537,467.6435537,1068.019897,1188.095165,1781.904762,467.6435537,600.3763429,593.8095968
277,phone_mobile.wav,0,489.7452752,489.7452752,949.2533545,949.2533545,1639.863946,489.7452752,459.5080793,690.6105911
278,piano.wav,0,462.3156081,NA,NA,522.3037476,1106.75737,462.3156081,NA,584.453622
279,pickle_big.wav,0,502.8319377,582.1739103,937.0088435,1095.692789,1504.489796,502.8319377,354.8349332,408.7970072
280,pie.wav,0,461.6052931,NA,NA,540.8305711,1060.430839,461.6052931,NA,519.6002679
281,pie_strawberry.wav,0,449.5593546,449.5593546,1168.743137,1214.193413,1825.056689,449.5593546,719.1837824,610.8632761
282,pig.wav,0,392.1176008,NA,NA,465.6011252,928.9342404,392.1176008,NA,463.3331152
283,pig_big.wav,0,578.0076481,656.664534,1045.032908,1145.812043,1677.936508,578.0076481,388.3683741,532.1244647
284,pillow.wav,0,484.8304858,NA,NA,552.9266587,1081.043084,484.8304858,NA,528.1164252
285,pin_red.wav,0,457.8931041,457.8931041,914.6785505,1015.334154,1541.133787,457.8931041,456.7854464,525.799633
286,pinecone.wav,0,446.9650049,NA,NA,524.0446367,1349.160998,446.9650049,NA,825.116361
287,pinecone_big.wav,0,540.4978778,600.8118189,935.2800377,1088.806433,1871.473923,540.4978778,334.4682188,782.6674898
288,pizza.wav,0,464.0023235,NA,NA,541.2971411,1055.283447,464.0023235,NA,513.9863056
289,plant_big.wav,0,474.2421585,575.2721886,904.822525,1121.315447,1642.063492,474.2421585,329.5503364,520.7480453
290,plate_yellow.wav,0,552.5937653,552.5937653,1056.165898,1155.907238,1660.657596,552.5937653,503.5721326,504.7503582
291,pool_big.wav,0,515.454687,607.7817505,989.2383024,1144.736515,1658.571429,515.454687,381.4565519,513.8349139
292,popcorn.wav,0,602.3176481,NA,NA,656.1050618,1412.199546,602.3176481,NA,756.0944847
293,popcorn_small.wav,0,411.4566971,411.4566971,993.0565346,1135.660341,1908.752834,411.4566971,581.5998375,773.0924935
294,potato.wav,0,451.5655742,NA,NA,508.4219267,1212.879819,451.5655742,NA,704.4578919
295,potato_small.wav,0,464.5488159,464.5488159,936.094705,1009.77375,1676.530612,464.5488159,471.5458891,666.7568621
296,puppet_shorthair.wav,0,459.3123394,841.2389583,1945.646259,524.8669083,835.538561,459.3123394,1104.4073,310.6716527
297,radish.wav,0,474.115873,NA,NA,474.115873,1198.027211,474.115873,NA,723.9113378
298,radish_small.wav,0,500.0533554,500.0533554,1088.139327,1200.338931,1904.897959,500.0533554,588.0859721,704.5590285
299,raspberry.wav,0,413.1648241,NA,NA,413.1648241,1220.15873,413.1648241,NA,806.993906
300,raspberry_small.wav,0,479.5439397,479.5439397,1040.811144,1076.403699,1868.979592,479.5439397,561.2672047,792.5758929
301,recliner.wav,0,496.3724884,NA,NA,496.3724884,1307.505669,496.3724884,NA,811.1331805
302,ribbon_big.wav,0,507.6019061,621.3762636,981.6617287,1104.917283,1618.049887,507.6019061,360.2854651,513.1326041
303,robot_dog.wav,0,482.6161559,482.6161559,982.1945505,1093.436306,1650.816327,482.6161559,499.5783945,557.3800206
304,rooster.wav,0,673.8579386,NA,NA,673.8579386,1314.807256,673.8579386,NA,640.9493176
305,rooster_big.wav,0,514.5883927,591.0577113,957.5830663,1073.605481,1800.022676,514.5883927,366.525355,726.4171949
306,rope_big.wav,0,509.0975252,618.9655861,972.4541298,1039.330341,1630.430839,509.0975252,353.4885437,591.1004982
307,sardines.wav,0,587.9415815,NA,NA,587.9415815,1566.848073,587.9415815,NA,978.9064911
308,sardines_big.wav,0,547.4826558,618.9588202,896.6162283,959.845143,1876.621315,547.4826558,277.6574081,916.7761722
309,saw_small.wav,0,460.3217471,460.3217471,1074.412281,1074.412281,1697.165533,460.3217471,614.0905343,622.7532515
310,saxophone.wav,0,632.6078388,NA,NA,632.6078388,1552.539683,632.6078388,NA,919.9318437
311,saxophone_small.wav,0,495.9921633,495.9921633,1146.9473,1240.8662,2210.770975,495.9921633,650.9551364,969.9047751
312,schoolbus.wav,0,568.7460959,NA,NA,568.7460959,1558.276644,568.7460959,NA,989.5305481
313,schoolbus_big.wav,0,519.4400206,582.804398,926.7824471,987.1294733,2059.750567,519.4400206,343.9780491,1072.621094
314,scissors.wav,0,452.3085029,NA,NA,452.3085029,1214.875283,452.3085029,NA,762.5667805
315,screen.wav,0,525.4747417,NA,NA,525.4747417,1280.408163,525.4747417,NA,754.9334215
316,screen_big.wav,0,558.2455302,648.8555586,1008.464109,1093.41101,1932.92517,558.2455302,359.60855,839.5141599
317,scrunchie.wav,0,445.7714311,NA,NA,445.7714311,1216.462585,445.7714311,NA,770.6911539
318,scrunchie_small.wav,0,463.4243909,463.4243909,1030.8794,1076.049948,1927.188209,463.4243909,567.4550088,851.1382609
319,seahorse_big.wav,0,613.0743644,648.4183822,1010.694565,1110.835949,2010.589569,613.0743644,362.2761829,899.7536202
320,shark.wav,0,582.0637974,NA,NA,582.0637974,1171.564626,582.0637974,NA,589.5008284
321,shark_big.wav,0,549.9873665,648.4186245,1012.067439,1102.296092,1866.462585,549.9873665,363.6488145,764.1664928
322,sheep.wav,0,436.5768806,NA,NA,436.5768806,954.739229,436.5768806,NA,518.1623484
323,sheep_small.wav,0,573.7212536,573.7212536,1184.273446,1347.660653,1956.734694,573.7212536,610.5521928,609.074041
324,shirt_hawaiian.wav,0,478.8582743,478.8582743,1037.884967,1037.884967,1613.333333,478.8582743,559.0266927,575.4483663
325,shorts_black.wav,0,468.9419027,535.0503807,1061.043923,1173.140908,1962.086168,468.9419027,525.9935425,788.9452601
326,shovel.wav,0,433.2282326,NA,NA,433.2282326,1019.251701,433.2282326,NA,586.0234681
327,sink_metal.wav,0,440.7254031,440.7254031,866.6373986,895.6825458,1559.761471,440.7254031,425.9119955,664.0789248
328,slide.wav,0,441.4218739,NA,NA,441.4218739,1102.199546,441.4218739,NA,660.7776726
329,slide_big.wav,0,523.2424114,621.4491162,1005.610638,1317.561347,1971.746032,523.2424114,384.1615217,654.1846845
330,slinky_rainbow.wav,0,438.9391281,438.9391281,971.6035591,971.6035591,1656.326531,438.9391281,532.664431,684.7229715
331,snail_small.wav,0,453.4298741,453.4298741,931.9732034,931.9732034,1651.814059,453.4298741,478.5433292,719.8408556
332,sneaker.wav,0,431.9776613,NA,NA,431.9776613,1178.820862,431.9776613,NA,746.8432004
333,snowflake.wav,0,438.7164249,NA,NA,438.7164249,1301.247166,438.7164249,NA,862.5307406
334,snowflake_small.wav,0,503.6129179,503.6129179,1039.807224,1039.807224,1877.052154,503.6129179,536.1943059,837.2449304
335,soap.wav,0,492.664598,NA,NA,492.664598,952.3129252,492.664598,NA,459.6483271
336,sock.wav,0,633.5492063,NA,NA,633.5492063,1264.376417,633.5492063,NA,630.8272109
337,sock_big.wav,0,462.1282419,577.5713688,888.5610168,966.3084289,1608.276644,462.1282419,310.989648,641.9682151
338,spaceship_small.wav,0,475.158592,475.158592,1091.274357,1091.274357,1820.702948,475.158592,616.1157654,729.4285904
339,sponge.wav,0,452.8554413,NA,NA,452.8554413,1276.621315,452.8554413,NA,823.7658739
340,spoon.wav,0,428.3543278,NA,NA,428.3543278,1116.9161,428.3543278,NA,688.561772
341,spoon_big.wav,0,497.5325178,604.2483293,937.4098873,1044.125699,1776.780045,497.5325178,333.161558,732.6543465
342,stapler.wav,0,471.5890473,NA,NA,471.5890473,1286.9161,471.5890473,NA,815.3270525
343,starfish_big.wav,0,506.12411,607.8424158,962.4033674,1035.0593,1983.900227,506.12411,354.5609516,948.8409266
344,stingray.wav,0,603.7553584,NA,NA,603.7553584,1382.335601,603.7553584,NA,778.5802425
345,stingray_small.wav,0,537.6092243,537.6092243,1107.957682,1234.701783,2060,537.6092243,570.3484572,825.2982168
346,stool.wav,0,587.6837642,NA,NA,587.6837642,1205.941043,587.6837642,NA,618.2572789
347,stool_small.wav,0,482.0520916,482.0520916,1049.465943,1049.465943,1721.496599,482.0520916,567.4138518,672.0306553
348,stoplight.wav,0,434.6948453,NA,NA,434.6948453,1297.23356,434.6948453,NA,862.5387148
349,suit_big.wav,0,546.4510655,649.3305707,1008.089871,1116.245248,1800.748299,546.4510655,358.7593002,684.5030511
350,suitcase.wav,0,433.6009117,NA,NA,433.6009117,1338.412698,433.6009117,NA,904.8117868
351,sunflower.wav,0,399.4507528,NA,NA,399.4507528,1312.290249,399.4507528,NA,912.8394967
352,sunflower_small.wav,0,429.3893837,429.3893837,1037.288095,1188.491327,2106.462585,429.3893837,607.8987108,917.9712579
353,swan.wav,0,530.8446445,NA,NA,530.8446445,1175.895692,530.8446445,NA,645.0510471
354,swan_big.wav,0,447.9737666,616.1494052,985.0508059,1098.976239,1851.655329,447.9737666,368.9014008,752.6790903
355,table.wav,0,431.1212232,NA,NA,512.9745051,1054.263039,431.1212232,NA,541.2885334
356,table_big.wav,0,612.0998035,688.5641727,1002.068086,1188.131385,1739.909297,612.0998035,313.5039137,551.7779123
357,tacos.wav,0,532.1750166,NA,NA,583.0164643,1334.852608,532.1750166,NA,751.8361434
358,tacos_big.wav,0,523.5579004,703.8393179,1067.357586,1247.639003,2017.482993,523.5579004,363.518268,769.8439899
359,tank.wav,0,591.8181099,NA,NA,666.1772923,1128.004535,591.8181099,NA,461.8272428
360,tank_small.wav,0,431.1341298,431.1341298,1032.653834,1195.777822,1739.909297,431.1341298,601.5197043,544.1314754
361,tape.wav,0,511.0205263,NA,NA,592.9377527,1096.462585,511.0205263,NA,503.5248323
362,target_big.wav,0,498.5502791,593.8977167,941.9158642,1063.483847,1627.188209,498.5502791,348.0181474,563.7043615
363,teabag_small.wav,0,490.4504399,490.4504399,1005.278504,1109.23417,1689.614512,490.4504399,514.8280638,580.3803421
364,teapot.wav,0,467.2299088,NA,NA,538.8096468,1163.401361,467.2299088,NA,624.5917137
365,teepee.wav,0,485.0893359,NA,NA,559.2589768,1234.897959,485.0893359,NA,675.6389824
366,teepee_small.wav,0,591.5406176,691.3782566,1006.655012,1193.193758,1793.492063,591.5406176,315.276755,600.2983052
367,telescope.wav,0,409.710089,NA,NA,466.6267652,1253.333333,409.710089,NA,786.7065681
368,telescope_big.wav,0,485.7602823,551.8324863,823.7450183,930.4770402,1734.739229,485.7602823,271.912532,804.2621889
369,tie.wav,0,600.8186781,NA,NA,659.2301615,1246.054422,600.8186781,NA,586.8242602
370,tie_small.wav,0,510.4790498,510.4790498,1109.610717,1233.755116,1842.290249,510.4790498,599.1316668,608.5351334
371,tire_narrow.wav,0,469.8004926,469.8004926,1047.100135,1122.634668,1841.519274,469.8004926,577.2996427,718.8846064
372,tissues.wav,0,501.6378463,NA,NA,570.5696829,1425.918367,501.6378463,NA,855.3486845
373,toaster_twoslot.wav,0,471.4567893,551.7498579,1087.036982,1196.770842,1827.029478,471.4567893,535.287124,630.2586361
374,toothbrush_red.wav,0,483.313311,483.313311,969.0669103,1178.889471,1962.086168,483.313311,485.7535994,783.1966968
375,toy.wav,0,495.0276287,NA,NA,568.6054422,1137.210884,495.0276287,NA,568.6054422
376,toy_big.wav,0,518.3701024,665.9376651,1047.877239,1345.905846,1975.192744,518.3701024,381.9395739,629.2868979
377,train.wav,0,575.5401175,NA,NA,618.9564926,1234.897959,575.5401175,NA,615.9414666
378,train_big.wav,0,555.0021985,636.2858259,930.3413019,1059.438828,1631.972789,555.0021985,294.0554759,572.5339613
379,tree_small.wav,0,480.4709249,480.4709249,1073.824265,1164.920006,1680.680272,480.4709249,593.3533402,515.760266
380,triangle.wav,0,557.5862683,NA,NA,604.5160383,1334.829932,557.5862683,NA,730.3138937
381,triangle_small.wav,0,497.8738491,497.8738491,1225.566605,1406.722186,2095.986395,497.8738491,727.6927563,689.2642084
382,trophy.wav,0,458.5611134,NA,NA,502.1335464,1101.632653,458.5611134,NA,599.4991066
383,tupperware_round.wav,0,510.8471743,510.8471743,1015.75325,1142.503169,1923.174603,510.8471743,504.9060759,780.6714343
384,turtle_big.wav,0,509.4489281,610.7961563,971.4037358,1098.676999,1608.911565,509.4489281,360.6075795,510.2345655
385,tuxedo_big.wav,0,521.7211203,620.1334774,949.9478632,1064.318981,1815.668934,521.7211203,329.8143858,751.3499534
386,umbrella_cocktail.wav,0,432.5216112,501.8740201,1098.114248,1098.114248,1820.861678,432.5216112,596.2402274,722.7474305
387,vase.wav,0,606.8417775,NA,NA,606.8417775,1200.204082,606.8417775,NA,593.3623041
388,vase_small.wav,0,487.833746,487.833746,1164.749697,1233.945549,2053.718821,487.833746,676.9159507,819.7732714
389,violin_big.wav,0,487.8723931,589.6514213,940.521229,1042.300257,1828.367347,487.8723931,350.8698077,786.0670897
390,waffle.wav,0,419.7998237,NA,NA,419.7998237,1032.154195,419.7998237,NA,612.3543713
391,waffle_small.wav,0,558.942715,558.942715,1213.298139,1240.677027,1868.979592,558.942715,654.3554241,628.3025647
392,wagon.wav,0,635.0431067,NA,NA,635.0431067,1227.528345,635.0431067,NA,592.485238
393,wagon_small.wav,0,453.0935955,453.0935955,1085.313616,1220.603497,1776.031746,453.0935955,632.2200206,555.428249
394,wallet_big.wav,0,527.5588145,655.2700564,1073.728168,1160.680503,1854.897959,527.5588145,418.4581116,694.2174564
395,watch_yellow.wav,0,544.7665309,544.7665309,1054.267567,1204.436293,1830.544218,544.7665309,509.5010361,626.1079243
396,wheel_small.wav,0,489.1869761,489.1869761,1180.325784,1211.860635,1793.900227,489.1869761,691.1388083,582.0395917
397,whistle.wav,0,605.8488044,NA,NA,605.8488044,1174.421769,605.8488044,NA,568.5729643
398,whistle_big.wav,0,540.1763819,642.5690665,1057.428724,1257.062194,2005.396825,540.1763819,414.8596578,748.3346319
399,window.wav,0,457.5169187,NA,NA,457.5169187,1072.698413,457.5169187,NA,615.181494
400,window_big.wav,0,600.8295568,665.449074,1023.548899,1112.400735,1837.981859,600.8295568,358.0998245,725.5811247
401,wine_red.wav,0,486.5542849,486.5542849,974.3003549,1046.062393,1749.546485,486.5542849,487.74607,703.4840923
402,yarn_big.wav,0,516.4258308,540.4287799,895.6724265,967.6812738,1638.526077,516.4258308,355.2436467,670.8448033
403,zebra.wav,0,556.7406366,NA,NA,556.7406366,1191.609977,556.7406366,NA,634.8693407
404,zebra_small.wav,0,557.2753891,557.2753891,1220.010403,1304.743647,2065.782313,557.2753891,662.7350141,761.0386659